<core:FragmentDefinition xmlns:core="sap.ui.core"
                         xmlns="sap.m"
                        xmlns:l="sap.ui.layout"
                        xmlns:f="sap.ui.layout.form">
    <Dialog id="newRowDialog" title="Add New Product" draggable="true" contentWidth="50%" 	resizable="true">
        <content>
           <f:SimpleForm id="SimpleFormChange354"
			editable="true"
			layout="ResponsiveGridLayout"
			labelSpanXL="3"
			labelSpanL="3"
			labelSpanM="3"
			labelSpanS="12"
			adjustLabelSpan="false"
			emptySpanXL="4"
			emptySpanL="4"
			emptySpanM="4"
			emptySpanS="0"
			columnsXL="1"
			columnsL="1"
			columnsM="1"
			singleContainerFullSize="false" backgroundDesign="Solid">
			<f:content>
				 <!-- Product Code -->
                <Label  text="Product Code" />
                <Input id="productCodeInput" placeholder="Enter Product Code" />

                <!-- Product Name -->
                <Label text="Product Name" />
                <Input id="productNameInput" placeholder="Enter Product Name" />

                <!-- Packaging Quantity -->
                <Label text="Packaging Quantity" />
                <Input id="packagingQtyInput" type="Number" placeholder="Enter Quantity" />

                <!-- Unit -->
                <Label text="Unit" />
                <Input id="unitInput" placeholder="Enter Unit" />

                <!-- Cost Price -->
                <Label text="Cost Price" />
                <Input id="costPriceInput" type="Number" placeholder="Enter Cost Price" />

                <!-- Landing Price -->
                <Label text="Landing Price" />
                <Input id="landingPriceInput" type="Number" placeholder="Enter Landing Price" />

                <!-- Selling Price -->
                <Label text="Selling Price" />
                <Input id="sellingPriceInput" type="Number" placeholder="Enter Selling Price" />

                <Label text="Availble Stock" />
                <Input id="stockInput" type="Number" placeholder="Enter Available Stock" />
			</f:content>
		</f:SimpleForm>
        </content>
        <buttons>
            <Button id="_IDGenButton3" text="Cancel" press="onCancelNewRow" />
            <Button id="_IDGenButton4" text="Save" type="Emphasized" press="onSaveNewRow" />
        </buttons>
    </Dialog>
</core:FragmentDefinition>
